N,time,reached_value,max_value
20,0.003998517990112305,131,161
100,2.0089995861053467,2388,2653
500,1361.3757174015045,62240,68634
